date,game_id,player_id,name,team_abbrev,position,home_or_away,opp_team_abbrev,goals_reg_season,games_played_reg,gpg_bayesian,goals_last5,shots_per_game,opp_ga_per_game,in_playoffs,scored
2026-05-14,2025030215,8481540,C. Caufield,MTL,R,AWAY,BUF,51,81,0.5347,3,3.185,2.818,1,1
2026-05-14,2025030215,8480018,N. Suzuki,MTL,C,AWAY,BUF,29,82,0.3137,3,2.232,2.818,1,1
2026-05-14,2025030215,8481618,A. Newhook,MTL,C,AWAY,BUF,13,42,0.2581,5,1.452,2.818,1,0
2026-05-14,2025030215,8476981,J. Anderson,MTL,R,AWAY,BUF,14,72,0.1848,1,1.236,2.818,1,1
2026-05-14,2025030215,8483515,J. Slafkovský,MTL,L,AWAY,BUF,30,82,0.3235,1,2.195,2.818,1,0
2026-05-14,2025030215,8476479,P. Danault,MTL,C,AWAY,BUF,6,75,0.0947,0,1.213,2.818,1,0
2026-05-14,2025030215,8478133,J. Evans,MTL,C,AWAY,BUF,12,68,0.1705,1,1.103,2.818,1,1
2026-05-14,2025030215,8482737,Z. Bolduc,MTL,R,AWAY,BUF,12,78,0.1531,1,1.295,2.818,1,0
2026-05-14,2025030215,8481523,K. Dach,MTL,C,AWAY,BUF,8,37,0.193,2,1.27,2.818,1,0
2026-05-14,2025030215,8480074,A. Texier,MTL,L,AWAY,BUF,8,51,0.1549,1,1.451,2.818,1,1
2026-05-14,2025030215,8480813,J. Veleno,MTL,C,AWAY,BUF,2,61,0.0617,0,0.852,2.818,1,0
2026-05-14,2025030215,8484984,I. Demidov,MTL,R,AWAY,BUF,19,82,0.2157,1,1.549,2.818,1,1
2026-05-14,2025030215,8476875,M. Matheson,MTL,D,AWAY,BUF,7,78,0.102,1,1.462,2.818,1,0
2026-05-14,2025030215,8482087,K. Guhle,MTL,D,AWAY,BUF,2,39,0.0847,0,1.026,2.818,1,0
2026-05-14,2025030215,8478851,A. Carrier,MTL,D,AWAY,BUF,7,73,0.1075,1,0.767,2.818,1,0
2026-05-14,2025030215,8483457,L. Hutson,MTL,D,AWAY,BUF,12,82,0.1471,0,1.512,2.818,1,0
2026-05-14,2025030215,8480865,N. Dobson,MTL,D,AWAY,BUF,12,80,0.15,0,1.975,2.818,1,0
2026-05-14,2025030215,8482964,A. Xhekaj,MTL,D,AWAY,BUF,1,65,0.0471,0,0.615,2.818,1,0
2026-05-14,2025030215,8484145,Z. Benson,BUF,L,HOME,MTL,13,65,0.1882,2,1.785,2.333,1,0
2026-05-14,2025030215,8480064,J. Norris,BUF,C,HOME,MTL,13,44,0.25,0,1.568,2.333,1,0
2026-05-14,2025030215,8478413,J. Greenway,BUF,L,HOME,MTL,1,40,0.0667,1,0.8,2.333,1,0
2026-05-14,2025030215,8475722,J. Zucker,BUF,L,HOME,MTL,24,62,0.3293,1,2.065,2.333,1,1
2026-05-14,2025030215,8481522,P. Krebs,BUF,C,HOME,MTL,12,82,0.1471,0,1.134,2.333,1,0
2026-05-14,2025030215,8482097,J. Quinn,BUF,R,HOME,MTL,20,82,0.2255,0,2.329,2.333,1,0
2026-05-14,2025030215,8479359,B. Malenstyn,BUF,L,HOME,MTL,7,81,0.099,0,0.889,2.333,1,0
2026-05-14,2025030215,8480802,R. McLeod,BUF,C,HOME,MTL,14,81,0.1683,1,1.111,2.333,1,0
2026-05-14,2025030215,8479420,T. Thompson,BUF,C,HOME,MTL,40,81,0.4257,2,3.358,2.333,1,0
2026-05-14,2025030215,8477949,A. Tuch,BUF,R,HOME,MTL,33,79,0.3636,0,2.468,2.333,1,0
2026-05-14,2025030215,8482659,J. Doan,BUF,R,HOME,MTL,25,82,0.2745,2,2.073,2.333,1,1
2026-05-14,2025030215,8484797,K. Helenius,BUF,C,HOME,MTL,1,9,0.1379,1,1.667,2.333,1,1
2026-05-14,2025030215,8481524,B. Byram,BUF,D,HOME,MTL,11,82,0.1373,1,1.329,2.333,1,0
2026-05-14,2025030215,8474568,L. Schenn,BUF,D,HOME,MTL,1,50,0.0571,0,0.7,2.333,1,0
2026-05-14,2025030215,8479982,C. Timmins,BUF,D,HOME,MTL,0,39,0.0508,0,1.128,2.333,1,0
2026-05-14,2025030215,8480807,M. Samuelsson,BUF,D,HOME,MTL,13,78,0.1633,1,1.397,2.333,1,0
2026-05-14,2025030215,8482671,O. Power,BUF,D,HOME,MTL,8,81,0.1089,0,1.481,2.333,1,0
2026-05-14,2025030215,8480839,R. Dahlin,BUF,D,HOME,MTL,19,77,0.2268,1,2.519,2.333,1,0
2026-05-16,2025030216,8484145,Z. Benson,BUF,L,AWAY,MTL,13,65,0.1882,3,1.785,2.692,1,1
2026-05-16,2025030216,8480064,J. Norris,BUF,C,AWAY,MTL,13,44,0.25,0,1.568,2.692,1,0
2026-05-16,2025030216,8478413,J. Greenway,BUF,L,AWAY,MTL,1,40,0.0667,0,0.8,2.692,1,0
2026-05-16,2025030216,8475722,J. Zucker,BUF,L,AWAY,MTL,24,62,0.3293,2,2.065,2.692,1,1
2026-05-16,2025030216,8481522,P. Krebs,BUF,C,AWAY,MTL,12,82,0.1471,0,1.134,2.692,1,0
2026-05-16,2025030216,8482097,J. Quinn,BUF,R,AWAY,MTL,20,82,0.2255,2,2.329,2.692,1,1
2026-05-16,2025030216,8479359,B. Malenstyn,BUF,L,AWAY,MTL,7,81,0.099,0,0.889,2.692,1,0
2026-05-16,2025030216,8480802,R. McLeod,BUF,C,AWAY,MTL,14,81,0.1683,0,1.111,2.692,1,0
2026-05-16,2025030216,8479420,T. Thompson,BUF,C,AWAY,MTL,40,81,0.4257,3,3.358,2.692,1,1
2026-05-16,2025030216,8477949,A. Tuch,BUF,R,AWAY,MTL,33,79,0.3636,0,2.468,2.692,1,0
2026-05-16,2025030216,8482659,J. Doan,BUF,R,AWAY,MTL,25,82,0.2745,1,2.073,2.692,1,0
2026-05-16,2025030216,8484797,K. Helenius,BUF,C,AWAY,MTL,1,9,0.1379,2,1.667,2.692,1,1
2026-05-16,2025030216,8481524,B. Byram,BUF,D,AWAY,MTL,11,82,0.1373,0,1.329,2.692,1,0
2026-05-16,2025030216,8479982,C. Timmins,BUF,D,AWAY,MTL,0,39,0.0508,0,1.128,2.692,1,0
2026-05-16,2025030216,8480807,M. Samuelsson,BUF,D,AWAY,MTL,13,78,0.1633,1,1.397,2.692,1,0
2026-05-16,2025030216,8482671,O. Power,BUF,D,AWAY,MTL,8,81,0.1089,0,1.481,2.692,1,0
2026-05-16,2025030216,8480839,R. Dahlin,BUF,D,AWAY,MTL,19,77,0.2268,2,2.519,2.692,1,1
2026-05-16,2025030216,8484305,Z. Metsa,BUF,D,AWAY,MTL,2,43,0.0794,1,0.558,2.692,1,1
2026-05-16,2025030216,8481540,C. Caufield,MTL,R,HOME,BUF,51,81,0.5347,3,3.185,2.833,1,0
2026-05-16,2025030216,8480018,N. Suzuki,MTL,C,HOME,BUF,29,82,0.3137,2,2.232,2.833,1,0
2026-05-16,2025030216,8481618,A. Newhook,MTL,C,HOME,BUF,13,42,0.2581,5,1.452,2.833,1,0
2026-05-16,2025030216,8476981,J. Anderson,MTL,R,HOME,BUF,14,72,0.1848,1,1.236,2.833,1,0
2026-05-16,2025030216,8483515,J. Slafkovský,MTL,L,HOME,BUF,30,82,0.3235,1,2.195,2.833,1,0
2026-05-16,2025030216,8476479,P. Danault,MTL,C,HOME,BUF,6,75,0.0947,0,1.213,2.833,1,0
2026-05-16,2025030216,8478133,J. Evans,MTL,C,HOME,BUF,12,68,0.1705,2,1.103,2.833,1,1
2026-05-16,2025030216,8482737,Z. Bolduc,MTL,R,HOME,BUF,12,78,0.1531,1,1.295,2.833,1,0
2026-05-16,2025030216,8481523,K. Dach,MTL,C,HOME,BUF,8,37,0.193,1,1.27,2.833,1,0
2026-05-16,2025030216,8480074,A. Texier,MTL,L,HOME,BUF,8,51,0.1549,1,1.451,2.833,1,0
2026-05-16,2025030216,8480813,J. Veleno,MTL,C,HOME,BUF,2,61,0.0617,0,0.852,2.833,1,0
2026-05-16,2025030216,8484984,I. Demidov,MTL,R,HOME,BUF,19,82,0.2157,2,1.549,2.833,1,1
2026-05-16,2025030216,8476875,M. Matheson,MTL,D,HOME,BUF,7,78,0.102,1,1.462,2.833,1,0
2026-05-16,2025030216,8482087,K. Guhle,MTL,D,HOME,BUF,2,39,0.0847,0,1.026,2.833,1,0
2026-05-16,2025030216,8478851,A. Carrier,MTL,D,HOME,BUF,7,73,0.1075,1,0.767,2.833,1,0
2026-05-16,2025030216,8483457,L. Hutson,MTL,D,HOME,BUF,12,82,0.1471,0,1.512,2.833,1,0
2026-05-16,2025030216,8480865,N. Dobson,MTL,D,HOME,BUF,12,80,0.15,0,1.975,2.833,1,0
2026-05-16,2025030216,8482964,A. Xhekaj,MTL,D,HOME,BUF,1,65,0.0471,1,0.615,2.833,1,1
2026-05-18,2025030217,8481540,C. Caufield,MTL,R,AWAY,BUF,51,81,0.5347,3,3.185,2.846,1,0
2026-05-18,2025030217,8480018,N. Suzuki,MTL,C,AWAY,BUF,29,82,0.3137,1,2.232,2.846,1,0
2026-05-18,2025030217,8481618,A. Newhook,MTL,C,AWAY,BUF,13,42,0.2581,4,1.452,2.846,1,1
2026-05-18,2025030217,8476981,J. Anderson,MTL,R,AWAY,BUF,14,72,0.1848,1,1.236,2.846,1,0
2026-05-18,2025030217,8483515,J. Slafkovský,MTL,L,AWAY,BUF,30,82,0.3235,1,2.195,2.846,1,0
2026-05-18,2025030217,8476479,P. Danault,MTL,C,AWAY,BUF,6,75,0.0947,1,1.213,2.846,1,1
2026-05-18,2025030217,8478133,J. Evans,MTL,C,AWAY,BUF,12,68,0.1705,2,1.103,2.846,1,0
2026-05-18,2025030217,8482737,Z. Bolduc,MTL,R,AWAY,BUF,12,78,0.1531,2,1.295,2.846,1,1
2026-05-18,2025030217,8481523,K. Dach,MTL,C,AWAY,BUF,8,37,0.193,1,1.27,2.846,1,0
2026-05-18,2025030217,8480074,A. Texier,MTL,L,AWAY,BUF,8,51,0.1549,1,1.451,2.846,1,0
2026-05-18,2025030217,8482775,O. Kapanen,MTL,C,AWAY,BUF,22,82,0.2451,0,1.598,2.846,1,0
2026-05-18,2025030217,8484984,I. Demidov,MTL,R,AWAY,BUF,19,82,0.2157,2,1.549,2.846,1,0
2026-05-18,2025030217,8476875,M. Matheson,MTL,D,AWAY,BUF,7,78,0.102,0,1.462,2.846,1,0
2026-05-18,2025030217,8482087,K. Guhle,MTL,D,AWAY,BUF,2,39,0.0847,0,1.026,2.846,1,0
2026-05-18,2025030217,8478851,A. Carrier,MTL,D,AWAY,BUF,7,73,0.1075,0,0.767,2.846,1,0
2026-05-18,2025030217,8483457,L. Hutson,MTL,D,AWAY,BUF,12,82,0.1471,0,1.512,2.846,1,0
2026-05-18,2025030217,8480865,N. Dobson,MTL,D,AWAY,BUF,12,80,0.15,0,1.975,2.846,1,0
2026-05-18,2025030217,8482964,A. Xhekaj,MTL,D,AWAY,BUF,1,65,0.0471,1,0.615,2.846,1,0
2026-05-18,2025030217,8484145,Z. Benson,BUF,L,HOME,MTL,13,65,0.1882,2,1.785,2.643,1,0
2026-05-18,2025030217,8480064,J. Norris,BUF,C,HOME,MTL,13,44,0.25,0,1.568,2.643,1,0
2026-05-18,2025030217,8478413,J. Greenway,BUF,L,HOME,MTL,1,40,0.0667,1,0.8,2.643,1,1
2026-05-18,2025030217,8475722,J. Zucker,BUF,L,HOME,MTL,24,62,0.3293,2,2.065,2.643,1,0
2026-05-18,2025030217,8481522,P. Krebs,BUF,C,HOME,MTL,12,82,0.1471,0,1.134,2.643,1,0
2026-05-18,2025030217,8482097,J. Quinn,BUF,R,HOME,MTL,20,82,0.2255,2,2.329,2.643,1,0
2026-05-18,2025030217,8479359,B. Malenstyn,BUF,L,HOME,MTL,7,81,0.099,0,0.889,2.643,1,0
2026-05-18,2025030217,8480802,R. McLeod,BUF,C,HOME,MTL,14,81,0.1683,0,1.111,2.643,1,0
2026-05-18,2025030217,8479420,T. Thompson,BUF,C,HOME,MTL,40,81,0.4257,3,3.358,2.643,1,0
2026-05-18,2025030217,8477949,A. Tuch,BUF,R,HOME,MTL,33,79,0.3636,0,2.468,2.643,1,0
2026-05-18,2025030217,8482659,J. Doan,BUF,R,HOME,MTL,25,82,0.2745,1,2.073,2.643,1,0
2026-05-18,2025030217,8484797,K. Helenius,BUF,C,HOME,MTL,1,9,0.1379,2,1.667,2.643,1,0
2026-05-18,2025030217,8481524,B. Byram,BUF,D,HOME,MTL,11,82,0.1373,0,1.329,2.643,1,0
2026-05-18,2025030217,8479982,C. Timmins,BUF,D,HOME,MTL,0,39,0.0508,0,1.128,2.643,1,0
2026-05-18,2025030217,8480807,M. Samuelsson,BUF,D,HOME,MTL,13,78,0.1633,1,1.397,2.643,1,0
2026-05-18,2025030217,8482671,O. Power,BUF,D,HOME,MTL,8,81,0.1089,0,1.481,2.643,1,0
2026-05-18,2025030217,8480839,R. Dahlin,BUF,D,HOME,MTL,19,77,0.2268,3,2.519,2.643,1,1
2026-05-18,2025030217,8484305,Z. Metsa,BUF,D,HOME,MTL,2,43,0.0794,1,0.558,2.643,1,0
2026-05-20,2025030321,8478403,J. Eichel,VGK,C,AWAY,COL,27,74,0.3191,0,3.514,2.5,1,0
2026-05-20,2025030321,8476925,C. Sissons,VGK,C,AWAY,COL,6,66,0.1047,0,1.121,2.5,1,0
2026-05-20,2025030321,8481604,P. Dorofeyev,VGK,R,AWAY,COL,37,82,0.3922,6,2.805,2.5,1,1
2026-05-20,2025030321,8476438,B. Saad,VGK,L,AWAY,COL,3,49,0.087,0,1.592,2.5,1,0
2026-05-20,2025030321,8479353,B. Howden,VGK,C,AWAY,COL,12,58,0.1923,4,1.138,2.5,1,1
2026-05-20,2025030321,8482062,C. Smith,VGK,R,AWAY,COL,8,63,0.1325,0,1.095,2.5,1,0
2026-05-20,2025030321,8475343,N. Dowd,VGK,C,AWAY,COL,5,75,0.0842,1,0.88,2.5,1,1
2026-05-20,2025030321,8476881,T. Hertl,VGK,C,AWAY,COL,24,82,0.2647,2,2.463,2.5,1,0
2026-05-20,2025030321,8477964,I. Barbashev,VGK,L,AWAY,COL,23,82,0.2549,0,1.622,2.5,1,0
2026-05-20,2025030321,8478434,K. Kolesar,VGK,R,AWAY,COL,6,82,0.0882,0,0.817,2.5,1,0
2026-05-20,2025030321,8476448,W. Karlsson,VGK,C,AWAY,COL,4,14,0.2059,0,2.143,2.5,1,0
2026-05-20,2025030321,8478483,M. Marner,VGK,R,AWAY,COL,24,81,0.2673,4,2.037,2.5,1,0
2026-05-20,2025030321,8475188,B. McNabb,VGK,D,AWAY,COL,5,63,0.0964,1,1.286,2.5,1,0
2026-05-20,2025030321,8478397,R. Andersson,VGK,D,AWAY,COL,17,81,0.198,0,2.198,2.5,1,0
2026-05-20,2025030321,8478396,N. Hanifin,VGK,D,AWAY,COL,3,71,0.0659,0,1.901,2.5,1,0
2026-05-20,2025030321,8477018,B. Hutton,VGK,D,AWAY,COL,6,55,0.12,0,1.291,2.5,1,0
2026-05-20,2025030321,8477447,S. Theodore,VGK,D,AWAY,COL,10,70,0.1444,2,1.857,2.5,1,0
2026-05-20,2025030321,8479639,D. Coghlan,VGK,D,AWAY,COL,0,3,0.1304,1,0.667,2.5,1,1
2026-05-20,2025030321,8478462,N. Roy,COL,C,HOME,VGK,8,74,0.117,1,1.027,2.462,1,0
2026-05-20,2025030321,8475754,B. Nelson,COL,C,HOME,VGK,33,81,0.3564,1,2.296,2.462,1,0
2026-05-20,2025030321,8477501,V. Nichushkin,COL,R,HOME,VGK,17,72,0.2174,2,2.222,2.462,1,1
2026-05-20,2025030321,8480448,P. Kelly,COL,C,HOME,VGK,21,82,0.2353,2,1.268,2.462,1,0
2026-05-20,2025030321,8480835,J. Drury,COL,C,HOME,VGK,10,82,0.1275,1,1.207,2.462,1,0
2026-05-20,2025030321,8479525,R. Colton,COL,C,HOME,VGK,9,73,0.129,1,2.096,2.462,1,0
2026-05-20,2025030321,8481186,L. O'Connor,COL,R,HOME,VGK,0,13,0.0909,0,1.0,2.462,1,0
2026-05-20,2025030321,8477492,N. MacKinnon,COL,C,HOME,VGK,53,80,0.56,4,4.375,2.462,1,0
2026-05-20,2025030321,8477476,A. Lehkonen,COL,L,HOME,VGK,21,70,0.2667,1,2.186,2.462,1,0
2026-05-20,2025030321,8480039,M. Necas,COL,C,HOME,VGK,38,78,0.4184,1,2.641,2.462,1,0
2026-05-20,2025030321,8475172,N. Kadri,COL,C,HOME,VGK,16,77,0.1959,1,2.766,2.462,1,0
2026-05-20,2025030321,8476455,G. Landeskog,COL,L,HOME,VGK,14,60,0.2125,2,2.2,2.462,1,1
2026-05-20,2025030321,8478038,D. Toews,COL,D,HOME,VGK,3,68,0.0682,0,1.691,2.462,1,0
2026-05-20,2025030321,8482072,J. Ahcan,COL,D,HOME,VGK,0,11,0.0968,0,0.727,2.462,1,0
2026-05-20,2025030321,8476967,B. Kulak,COL,D,HOME,VGK,1,83,0.0388,1,1.145,2.462,1,0
2026-05-20,2025030321,8476312,J. Manson,COL,D,HOME,VGK,5,79,0.0808,0,1.62,2.462,1,0
2026-05-20,2025030321,8484258,S. Malinski,COL,D,HOME,VGK,8,82,0.1078,1,2.0,2.462,1,0
2026-05-20,2025030321,8470613,B. Burns,COL,D,HOME,VGK,12,82,0.1471,0,2.098,2.462,1,0
2026-05-21,2025030311,8481540,C. Caufield,MTL,R,AWAY,CAR,51,81,0.5347,3,3.185,1.667,1,1
2026-05-21,2025030311,8480018,N. Suzuki,MTL,C,AWAY,CAR,29,82,0.3137,1,2.232,1.667,1,0
2026-05-21,2025030311,8481618,A. Newhook,MTL,C,AWAY,CAR,13,42,0.2581,2,1.452,1.667,1,0
2026-05-21,2025030311,8476981,J. Anderson,MTL,R,AWAY,CAR,14,72,0.1848,1,1.236,1.667,1,0
2026-05-21,2025030311,8483515,J. Slafkovský,MTL,L,AWAY,CAR,30,82,0.3235,2,2.195,1.667,1,1
2026-05-21,2025030311,8476479,P. Danault,MTL,C,AWAY,CAR,6,75,0.0947,2,1.213,1.667,1,1
2026-05-21,2025030311,8478133,J. Evans,MTL,C,AWAY,CAR,12,68,0.1705,2,1.103,1.667,1,0
2026-05-21,2025030311,8482737,Z. Bolduc,MTL,R,AWAY,CAR,12,78,0.1531,1,1.295,1.667,1,0
2026-05-21,2025030311,8481523,K. Dach,MTL,C,AWAY,CAR,8,37,0.193,0,1.27,1.667,1,0
2026-05-21,2025030311,8480074,A. Texier,MTL,L,AWAY,CAR,8,51,0.1549,2,1.451,1.667,1,1
2026-05-21,2025030311,8482775,O. Kapanen,MTL,C,AWAY,CAR,22,82,0.2451,0,1.598,1.667,1,0
2026-05-21,2025030311,8484984,I. Demidov,MTL,R,AWAY,CAR,19,82,0.2157,3,1.549,1.667,1,1
2026-05-21,2025030311,8476875,M. Matheson,MTL,D,AWAY,CAR,7,78,0.102,0,1.462,1.667,1,0
2026-05-21,2025030311,8482087,K. Guhle,MTL,D,AWAY,CAR,2,39,0.0847,0,1.026,1.667,1,0
2026-05-21,2025030311,8478851,A. Carrier,MTL,D,AWAY,CAR,7,73,0.1075,0,0.767,1.667,1,0
2026-05-21,2025030311,8481593,J. Struble,MTL,D,AWAY,CAR,2,59,0.0633,0,0.441,1.667,1,0
2026-05-21,2025030311,8483457,L. Hutson,MTL,D,AWAY,CAR,12,82,0.1471,0,1.512,1.667,1,0
2026-05-21,2025030311,8480865,N. Dobson,MTL,D,AWAY,CAR,12,80,0.15,0,1.975,1.667,1,0
2026-05-21,2025030311,8473533,J. Staal,CAR,C,HOME,MTL,20,75,0.2421,1,1.427,2.6,1,0
2026-05-21,2025030311,8478427,S. Aho,CAR,C,HOME,MTL,27,79,0.303,0,2.468,2.6,1,0
2026-05-21,2025030311,8482702,L. Stankoven,CAR,C,HOME,MTL,21,81,0.2376,3,2.049,2.6,1,0
2026-05-21,2025030311,8482093,S. Jarvis,CAR,C,HOME,MTL,32,71,0.3846,2,3.155,2.6,1,1
2026-05-21,2025030311,8477940,N. Ehlers,CAR,L,HOME,MTL,26,82,0.2843,2,2.524,2.6,1,0
2026-05-21,2025030311,8477478,W. Carrier,CAR,L,HOME,MTL,7,70,0.1111,0,1.143,2.6,1,0
2026-05-21,2025030311,8480830,A. Svechnikov,CAR,R,HOME,MTL,31,79,0.3434,1,2.57,2.6,1,0
2026-05-21,2025030311,8476921,J. Martinook,CAR,L,HOME,MTL,12,77,0.1546,0,1.416,2.6,1,0
2026-05-21,2025030311,8480762,E. Robinson,CAR,L,HOME,MTL,12,67,0.1724,1,1.254,2.6,1,1
2026-05-21,2025030311,8482809,J. Blake,CAR,R,HOME,MTL,22,81,0.2475,3,2.148,2.6,1,0
2026-05-21,2025030311,8475791,T. Hall,CAR,L,HOME,MTL,18,80,0.21,1,1.712,2.6,1,0
2026-05-21,2025030311,8476873,M. Jankowski,CAR,L,HOME,MTL,11,68,0.1591,0,0.926,2.6,1,0
2026-05-21,2025030311,8476906,S. Gostisbehere,CAR,D,HOME,MTL,13,55,0.2133,0,2.109,2.6,1,0
2026-05-21,2025030311,8478970,J. Chatfield,CAR,D,HOME,MTL,2,72,0.0543,1,1.389,2.6,1,0
2026-05-21,2025030311,8480817,K. Miller,CAR,D,HOME,MTL,8,72,0.1196,0,1.708,2.6,1,0
2026-05-21,2025030311,8482100,A. Nikishin,CAR,D,HOME,MTL,11,81,0.1386,0,1.506,2.6,1,0
2026-05-21,2025030311,8480336,S. Walker,CAR,D,HOME,MTL,9,81,0.1188,0,2.21,2.6,1,0
2026-05-21,2025030311,8476958,J. Slavin,CAR,D,HOME,MTL,1,39,0.0678,0,1.615,2.6,1,0
